{
  "stft": {
    "mean": -0.030654,
    "std": 1.029303
  },
  "mel": {
    "mean": -0.047613,
    "std": 1.14835
  },
  "mfcc": {
    "mean": 0.008685,
    "std": 1.24337
  }
}